clock,batch_size,decode_tokens,total_ctx_len,time_taken,energy_consumption,num_trials,valid
2100,1,60,2048,0.0102461242675781,2824.76,50,1
2070,1,60,2048,0.0102370548248291,2609.92,50,1
2040,1,60,2048,0.0102488660812377,2871.02,50,1
2010,1,60,2048,0.0102501153945922,3237.94,50,1
1980,1,60,2048,0.0102728509902954,2804.18,50,1
1950,1,60,2048,0.0102761793136596,3241.5,50,1
1920,1,60,2048,0.0102801752090454,2797.92,50,1
1890,1,60,2048,0.0102620267868041,3140.4,50,1
1860,1,60,2048,0.0102888917922973,2601.48,50,1
1830,1,60,2048,0.010251441001892,2864.78,50,1
1800,1,60,2048,0.010268702507019,2317.8,50,1
1770,1,60,2048,0.010275707244873,2452.32,50,1
1740,1,60,2048,0.0102969074249267,2169.8,50,1
1710,1,60,2048,0.0103457593917846,2309.0,50,1
1680,1,60,2048,0.0103700351715087,2534.7,50,1
1650,1,60,2048,0.0103987598419189,2122.2,50,1
1620,1,60,2048,0.0104221725463867,2209.08,50,1
1590,1,60,2048,0.0104523372650146,1951.22,50,1
1560,1,60,2048,0.0104264688491821,2040.72,50,1
1530,1,60,2048,0.0104776668548583,2276.48,50,1
1500,1,60,2048,0.0104833698272705,1860.84,50,1
1470,1,60,2048,0.0105092906951904,1942.32,50,1
1440,1,60,2048,0.0105315542221069,2152.04,50,1
1410,1,60,2048,0.0105840635299682,1759.54,50,1
1380,1,60,2048,0.0105849885940551,1837.24,50,1
1350,1,60,2048,0.0106108379364013,1899.1,50,1
1320,1,60,2048,0.0106514644622802,2046.66,50,1
1290,1,60,2048,0.0106657409667968,1708.58,50,1
1260,1,60,2048,0.0106841564178466,1769.78,50,1
1230,1,60,2048,0.0108872461318969,1836.5,50,1
1200,1,60,2048,0.0106899166107177,1816.72,50,1
1170,1,60,2048,0.0107948160171508,1983.3,50,1
1140,1,60,2048,0.0107546520233154,1665.32,50,1
1110,1,60,2048,0.0107968807220458,1708.64,50,1
1080,1,60,2048,0.0109195947647094,1770.08,50,1
1050,1,60,2048,0.0109103822708129,1826.36,50,1
1020,1,60,2048,0.0109367227554321,1973.82,50,1
990,1,60,2048,0.0110441398620605,1966.54,50,1
960,1,60,2048,0.0111290025711059,1982.96,50,1
930,1,60,2048,0.011170654296875,1986.28,50,1
900,1,60,2048,0.0111388778686523,1964.26,50,1
870,1,60,2048,0.0112938594818115,1969.68,50,1
840,1,60,2048,0.0113682174682617,1935.92,50,1
810,1,60,2048,0.0114809846878051,1918.5,50,1
2100,16,60,2048,0.0107372045516967,2918.72,50,1
2070,16,60,2048,0.0106678009033203,3204.46,50,1
2040,16,60,2048,0.0106382656097412,3238.16,50,1
2010,16,60,2048,0.0106207227706909,2736.52,50,1
1980,16,60,2048,0.0106822490692138,2841.26,50,1
1950,16,60,2048,0.0106612300872802,2924.94,50,1
1920,16,60,2048,0.0105400562286376,3196.46,50,1
1890,16,60,2048,0.0106717872619628,3241.9,50,1
1860,16,60,2048,0.0106209802627563,2664.12,50,1
1830,16,60,2048,0.0106438875198364,2656.78,50,1
1800,16,60,2048,0.0106552076339721,2650.46,50,1
1770,16,60,2048,0.0106508827209472,2814.7,50,1
1740,16,60,2048,0.0105391263961792,2250.84,50,1
1710,16,60,2048,0.0106814050674438,2291.22,50,1
1680,16,60,2048,0.0106894922256469,2327.2,50,1
1650,16,60,2048,0.0107046794891357,2510.08,50,1
1620,16,60,2048,0.0106762504577636,2446.72,50,1
1590,16,60,2048,0.0106769943237304,2005.06,50,1
1560,16,60,2048,0.0107518911361694,2042.08,50,1
1530,16,60,2048,0.0107966804504394,2076.12,50,1
1500,16,60,2048,0.0108269786834716,2254.0,50,1
1470,16,60,2048,0.0107559347152709,2215.84,50,1
1440,16,60,2048,0.0107953643798828,1837.5,50,1
1410,16,60,2048,0.0108631086349487,1875.2,50,1
1380,16,60,2048,0.0108675289154052,1896.94,50,1
1350,16,60,2048,0.0109488153457641,1905.78,50,1
1320,16,60,2048,0.0110190677642822,1918.68,50,1
1290,16,60,2048,0.0109693670272827,2037.64,50,1
1260,16,60,2048,0.0110159015655517,2042.18,50,1
1230,16,60,2048,0.0111619234085083,2019.86,50,1
1200,16,60,2048,0.0112043714523315,2025.64,50,1
1170,16,60,2048,0.0112476396560668,2012.46,50,1
1140,16,60,2048,0.0112994575500488,1978.26,50,1
1110,16,60,2048,0.0112566232681274,1817.5,50,1
1080,16,60,2048,0.011299614906311,1785.38,50,1
1050,16,60,2048,0.0113814306259155,1758.38,50,1
1020,16,60,2048,0.0114868116378784,2066.04,50,1
990,16,60,2048,0.0114799976348876,1994.6,50,1
960,16,60,2048,0.0116178464889526,1968.32,50,1
930,16,60,2048,0.0116796731948852,2118.26,50,1
900,16,60,2048,0.0117439556121826,2026.7,50,1
870,16,60,2048,0.0117431354522705,1949.96,50,1
840,16,60,2048,0.0119089078903198,2073.9,50,1
810,16,60,2048,0.0120021486282348,1940.5,50,1
2100,32,60,2048,0.0111565256118774,2873.6,50,1
2070,32,60,2048,0.0110441780090332,2793.52,50,1
2040,32,60,2048,0.0110823249816894,3362.18,50,1
2010,32,60,2048,0.0110743713378906,3352.24,50,1
1980,32,60,2048,0.0110629415512084,3335.72,50,1
1950,32,60,2048,0.0110773468017578,3357.72,50,1
1920,32,60,2048,0.0110669231414794,3329.78,50,1
1890,32,60,2048,0.0109623670578002,3325.12,50,1
1860,32,60,2048,0.0110379314422607,3356.56,50,1
1830,32,60,2048,0.0110822582244873,3362.28,50,1
1800,32,60,2048,0.0110641908645629,3324.08,50,1
1770,32,60,2048,0.0110841846466064,3204.02,50,1
1740,32,60,2048,0.0110699892044067,3088.16,50,1
1710,32,60,2048,0.0110845851898193,2985.5,50,1
1680,32,60,2048,0.0109925603866577,2894.2,50,1
1650,32,60,2048,0.0110176563262939,2851.82,50,1
1620,32,60,2048,0.0110818815231323,2795.3,50,1
1590,32,60,2048,0.0111444807052612,2716.76,50,1
1560,32,60,2048,0.0112085199356079,2647.94,50,1
1530,32,60,2048,0.0112253713607788,2530.78,50,1
1500,32,60,2048,0.011244797706604,2448.72,50,1
1470,32,60,2048,0.0112437391281127,2398.76,50,1
1440,32,60,2048,0.011319670677185,2128.18,50,1
1410,32,60,2048,0.0113318014144897,2040.54,50,1
1380,32,60,2048,0.0114327669143676,2329.62,50,1
1350,32,60,2048,0.011297264099121,2272.26,50,1
1320,32,60,2048,0.0114320421218872,2203.56,50,1
1290,32,60,2048,0.0114977169036865,1970.78,50,1
1260,32,60,2048,0.0115527725219726,2278.26,50,1
1230,32,60,2048,0.0115448904037475,2189.08,50,1
1200,32,60,2048,0.0115191984176635,2142.08,50,1
1170,32,60,2048,0.0116559982299804,2311.74,50,1
1140,32,60,2048,0.0116716861724853,2177.62,50,1
1110,32,60,2048,0.0117122983932495,1962.86,50,1
1080,32,60,2048,0.0117940044403076,2230.38,50,1
1050,32,60,2048,0.0118291473388671,2136.26,50,1
1020,32,60,2048,0.0119184112548828,2217.9,50,1
990,32,60,2048,0.0119391345977783,2113.78,50,1
960,32,60,2048,0.0119989776611328,2202.04,50,1
930,32,60,2048,0.0120819807052612,2475.42,50,1
900,32,60,2048,0.0121383094787597,2166.52,50,1
870,32,60,2048,0.012247347831726,2278.96,50,1
840,32,60,2048,0.0123384046554565,2443.36,50,1
810,32,60,2048,0.0125227689743042,2111.28,50,1
2100,48,60,2048,0.0122597360610961,3356.94,50,1
2070,48,60,2048,0.0122168207168579,3504.62,50,1
2040,48,60,2048,0.0121567869186401,3224.36,50,1
2010,48,60,2048,0.0122512531280517,3410.0,50,1
1980,48,60,2048,0.0122481536865234,3586.86,50,1
1950,48,60,2048,0.0121894121170043,3249.54,50,1
1920,48,60,2048,0.0122484159469604,3427.52,50,1
1890,48,60,2048,0.0121697092056274,3806.68,50,1
1860,48,60,2048,0.0121863079071044,3287.52,50,1
1830,48,60,2048,0.0121601104736328,3382.4,50,1
1800,48,60,2048,0.0122275447845458,2997.5,50,1
1770,48,60,2048,0.0122484636306762,3037.94,50,1
1740,48,60,2048,0.0122466230392456,3123.1,50,1
1710,48,60,2048,0.0122799205780029,2740.94,50,1
1680,48,60,2048,0.0123144245147705,2754.24,50,1
1650,48,60,2048,0.0123762226104736,2779.36,50,1
1620,48,60,2048,0.0124133110046386,2958.74,50,1
1590,48,60,2048,0.0124387073516845,2468.88,50,1
1560,48,60,2048,0.0124769115447998,2465.04,50,1
1530,48,60,2048,0.0125075721740722,2472.68,50,1
1500,48,60,2048,0.0125709772109985,2523.7,50,1
1470,48,60,2048,0.0126291608810424,2616.86,50,1
1440,48,60,2048,0.0126547765731811,2583.24,50,1
1410,48,60,2048,0.012724061012268,2183.44,50,1
1380,48,60,2048,0.0127841997146606,2175.26,50,1
1350,48,60,2048,0.012845492362976,2164.76,50,1
1320,48,60,2048,0.0128436660766601,2130.32,50,1
1290,48,60,2048,0.0128866815567016,2123.4,50,1
1260,48,60,2048,0.0131056880950927,2113.16,50,1
1230,48,60,2048,0.0132499170303344,2438.98,50,1
1200,48,60,2048,0.0132590341567993,2369.44,50,1
1170,48,60,2048,0.0135071039199829,2334.6,50,1
1140,48,60,2048,0.0136478328704834,2459.74,50,1
1110,48,60,2048,0.0138033628463745,2337.76,50,1
1080,48,60,2048,0.0138694190979003,2441.42,50,1
1050,48,60,2048,0.0141611671447753,2305.52,50,1
1020,48,60,2048,0.0143881511688232,2351.32,50,1
990,48,60,2048,0.014597725868225,2378.32,50,1
960,48,60,2048,0.0148686265945434,2362.0,50,1
930,48,60,2048,0.0151273679733276,2326.9,50,1
900,48,60,2048,0.0154378747940063,2600.32,50,1
870,48,60,2048,0.0157600688934326,2497.26,50,1
840,48,60,2048,0.0160581636428833,2598.54,50,1
810,48,60,2048,0.0164086627960205,2793.96,50,1
2100,64,60,2048,0.0120234155654907,3221.06,50,1
2070,64,60,2048,0.012149429321289,3397.32,50,1
2040,64,60,2048,0.011973853111267,3544.72,50,1
2010,64,60,2048,0.0121340417861938,3273.22,50,1
1980,64,60,2048,0.0121016120910644,3395.2,50,1
1950,64,60,2048,0.0120316410064697,3588.76,50,1
1920,64,60,2048,0.0120788383483886,3331.84,50,1
1890,64,60,2048,0.0120343494415283,3521.34,50,1
1860,64,60,2048,0.0119945335388183,3176.3,50,1
1830,64,60,2048,0.0120643424987792,3204.12,50,1
1800,64,60,2048,0.0120556926727294,2931.56,50,1
1770,64,60,2048,0.0121945667266845,2911.94,50,1
1740,64,60,2048,0.0121371364593505,2953.38,50,1
1710,64,60,2048,0.0121073389053344,2665.86,50,1
1680,64,60,2048,0.01216157913208,2700.36,50,1
1650,64,60,2048,0.0123818159103393,2718.66,50,1
1620,64,60,2048,0.012331895828247,2887.2,50,1
1590,64,60,2048,0.0123587322235107,2425.58,50,1
1560,64,60,2048,0.0124050045013427,2428.64,50,1
1530,64,60,2048,0.0124702835083007,2444.32,50,1
1500,64,60,2048,0.0125069761276245,2490.88,50,1
1470,64,60,2048,0.0125440692901611,2597.1,50,1
1440,64,60,2048,0.0125513219833374,2526.82,50,1
1410,64,60,2048,0.0126422929763793,2148.16,50,1
1380,64,60,2048,0.0127088594436645,2138.04,50,1
1350,64,60,2048,0.0127662849426269,2122.88,50,1
1320,64,60,2048,0.0128024959564208,2091.92,50,1
1290,64,60,2048,0.0128707885742187,2415.5,50,1
1260,64,60,2048,0.0130103683471679,2391.36,50,1
1230,64,60,2048,0.0131667041778564,2348.54,50,1
1200,64,60,2048,0.0132336235046386,2314.16,50,1
1170,64,60,2048,0.0134001493453979,2087.88,50,1
1140,64,60,2048,0.0133327865600585,2353.3,50,1
1110,64,60,2048,0.0134481620788574,2308.82,50,1
1080,64,60,2048,0.0136190938949584,2410.3,50,1
1050,64,60,2048,0.0138000917434692,2300.28,50,1
1020,64,60,2048,0.0138480710983276,2401.88,50,1
990,64,60,2048,0.0139645147323608,2264.36,50,1
960,64,60,2048,0.0140515375137329,2319.94,50,1
930,64,60,2048,0.0143107080459594,2398.64,50,1
900,64,60,2048,0.0145550394058227,2564.9,50,1
870,64,60,2048,0.0147650051116943,2532.14,50,1
840,64,60,2048,0.0150574541091918,2527.42,50,1
810,64,60,2048,0.0153542423248291,2331.36,50,1
2100,80,60,2048,0.0121260356903076,3366.1,50,1
2070,80,60,2048,0.0120693969726562,3541.34,50,1
2040,80,60,2048,0.0120626211166381,3290.98,50,1
2010,80,60,2048,0.0120599317550659,3401.16,50,1
1980,80,60,2048,0.0120653867721557,3567.66,50,1
1950,80,60,2048,0.0119513988494873,3283.08,50,1
1920,80,60,2048,0.011906304359436,3487.04,50,1
1890,80,60,2048,0.0120688486099243,3287.76,50,1
1860,80,60,2048,0.0120708656311035,3373.24,50,1
1830,80,60,2048,0.0120627069473266,3525.86,50,1
1800,80,60,2048,0.0120869398117065,3228.86,50,1
1770,80,60,2048,0.0120173406600952,3290.5,50,1
1740,80,60,2048,0.01207284450531,3473.94,50,1
1710,80,60,2048,0.0119420194625854,3102.94,50,1
1680,80,60,2048,0.0121112537384033,3137.28,50,1
1650,80,60,2048,0.0122319364547729,3154.2,50,1
1620,80,60,2048,0.0121155261993408,2836.66,50,1
1590,80,60,2048,0.0121601772308349,2839.54,50,1
1560,80,60,2048,0.0122167158126831,2880.0,50,1
1530,80,60,2048,0.0122630214691162,2915.44,50,1
1500,80,60,2048,0.0123351049423217,2968.32,50,1
1470,80,60,2048,0.0123784017562866,2537.26,50,1
1440,80,60,2048,0.0124686336517333,2539.06,50,1
1410,80,60,2048,0.0125707578659057,2569.3,50,1
1380,80,60,2048,0.0126237487792968,2524.0,50,1
1350,80,60,2048,0.0128182744979858,2517.94,50,1
1320,80,60,2048,0.0130467271804809,2460.84,50,1
1290,80,60,2048,0.0131357908248901,2385.04,50,1
1260,80,60,2048,0.0134135484695434,2678.26,50,1
1230,80,60,2048,0.0135862398147583,2544.88,50,1
1200,80,60,2048,0.0138420343399047,2640.8,50,1
1170,80,60,2048,0.0140393638610839,2743.4,50,1
1140,80,60,2048,0.0142726516723632,2536.44,50,1
1110,80,60,2048,0.0144751644134521,2568.94,50,1
1080,80,60,2048,0.0147684383392333,2566.12,50,1
1050,80,60,2048,0.0150738668441772,2858.06,50,1
1020,80,60,2048,0.0154434299468994,2784.68,50,1
990,80,60,2048,0.0158583879470825,2884.1,50,1
960,80,60,2048,0.0162917280197143,2711.44,50,1
930,80,60,2048,0.016730465888977,2720.22,50,1
900,80,60,2048,0.0172695207595825,2988.54,50,1
870,80,60,2048,0.0177805376052856,2894.6,50,1
840,80,60,2048,0.0184041547775268,2924.24,50,1
810,80,60,2048,0.0189821434020996,2903.36,50,1
2100,96,60,2048,0.0122626972198486,3317.82,50,1
2070,96,60,2048,0.0122021865844726,3434.6,50,1
2040,96,60,2048,0.0122339344024658,3547.48,50,1
2010,96,60,2048,0.0122220039367675,3620.18,50,1
1980,96,60,2048,0.0121996641159057,3813.14,50,1
1950,96,60,2048,0.0122208833694458,3312.74,50,1
1920,96,60,2048,0.0122156524658203,3391.46,50,1
1890,96,60,2048,0.0122307538986206,3546.94,50,1
1860,96,60,2048,0.012193579673767,3619.56,50,1
1830,96,60,2048,0.0121914815902709,3284.12,50,1
1800,96,60,2048,0.0121083164215087,3320.08,50,1
1770,96,60,2048,0.0122335529327392,3478.06,50,1
1740,96,60,2048,0.0122282552719116,3568.24,50,1
1710,96,60,2048,0.0122267150878906,3213.02,50,1
1680,96,60,2048,0.012202706336975,3312.98,50,1
1650,96,60,2048,0.012195553779602,3302.04,50,1
1620,96,60,2048,0.0122238492965698,3272.64,50,1
1590,96,60,2048,0.0122609949111938,3427.74,50,1
1560,96,60,2048,0.0122375869750976,2869.84,50,1
1530,96,60,2048,0.0123799610137939,2883.68,50,1
1500,96,60,2048,0.0124472379684448,2916.2,50,1
1470,96,60,2048,0.0124917697906494,2913.62,50,1
1440,96,60,2048,0.0126293230056762,3044.32,50,1
1410,96,60,2048,0.0128662204742431,2999.56,50,1
1380,96,60,2048,0.0129539442062377,2768.36,50,1
1350,96,60,2048,0.0130269384384155,2675.54,50,1
1320,96,60,2048,0.0132089519500732,2545.3,50,1
1290,96,60,2048,0.0133034038543701,2859.7,50,1
1260,96,60,2048,0.0135569906234741,2736.46,50,1
1230,96,60,2048,0.0137481784820556,2849.86,50,1
1200,96,60,2048,0.0138558912277221,2692.5,50,1
1170,96,60,2048,0.014051547050476,2750.18,50,1
1140,96,60,2048,0.0141510438919067,2817.74,50,1
1110,96,60,2048,0.0142594909667968,2854.5,50,1
1080,96,60,2048,0.0143398237228393,3009.7,50,1
1050,96,60,2048,0.0144882917404174,2968.98,50,1
1020,96,60,2048,0.0146742486953735,2972.26,50,1
990,96,60,2048,0.014971809387207,2967.56,50,1
960,96,60,2048,0.0152345085144042,2924.36,50,1
930,96,60,2048,0.0155387687683105,3009.84,50,1
900,96,60,2048,0.0159614706039428,2860.98,50,1
870,96,60,2048,0.0163527727127075,2901.52,50,1
840,96,60,2048,0.0168391370773315,2917.48,50,1
810,96,60,2048,0.0173693656921386,3203.26,50,1
2100,112,60,2048,0.0122919988632202,3605.68,50,1
2070,112,60,2048,0.0123153400421142,3840.66,50,1
2040,112,60,2048,0.0123374700546264,3839.7,50,1
2010,112,60,2048,0.0124719381332397,3270.52,50,1
1980,112,60,2048,0.0124208450317382,3315.54,50,1
1950,112,60,2048,0.0124356365203857,3391.52,50,1
1920,112,60,2048,0.0124386405944824,3431.08,50,1
1890,112,60,2048,0.0124669361114501,3486.3,50,1
1860,112,60,2048,0.0124496841430664,3517.4,50,1
1830,112,60,2048,0.0124151134490966,3552.84,50,1
1800,112,60,2048,0.0123757171630859,3556.46,50,1
1770,112,60,2048,0.0123335218429565,3578.56,50,1
1740,112,60,2048,0.0122937774658203,3619.76,50,1
1710,112,60,2048,0.0123109865188598,3773.32,50,1
1680,112,60,2048,0.0124374914169311,3248.12,50,1
1650,112,60,2048,0.0123387670516967,3253.5,50,1
1620,112,60,2048,0.0124607896804809,3298.48,50,1
1590,112,60,2048,0.0124903869628906,3242.28,50,1
1560,112,60,2048,0.0126348972320556,3159.28,50,1
1530,112,60,2048,0.0127462720870971,3086.56,50,1
1500,112,60,2048,0.0127497673034667,3001.06,50,1
1470,112,60,2048,0.0128203296661376,2927.7,50,1
1440,112,60,2048,0.0130852651596069,2758.14,50,1
1410,112,60,2048,0.0130743789672851,3066.18,50,1
1380,112,60,2048,0.0132393789291381,2963.06,50,1
1350,112,60,2048,0.0133732938766479,2680.06,50,1
1320,112,60,2048,0.0135482501983642,2915.46,50,1
1290,112,60,2048,0.0137153530120849,2605.72,50,1
1260,112,60,2048,0.0139072465896606,2773.14,50,1
1230,112,60,2048,0.0140990400314331,2876.32,50,1
1200,112,60,2048,0.0142529916763305,2934.28,50,1
1170,112,60,2048,0.014461646080017,3096.2,50,1
1140,112,60,2048,0.0145504188537597,2903.28,50,1
1110,112,60,2048,0.0147217988967895,2875.46,50,1
1080,112,60,2048,0.0147837305068969,2830.86,50,1
1050,112,60,2048,0.0149255418777465,2774.6,50,1
1020,112,60,2048,0.015081672668457,3057.62,50,1
990,112,60,2048,0.0155786609649658,2992.98,50,1
960,112,60,2048,0.0156159734725952,3080.94,50,1
930,112,60,2048,0.0159531545639038,2931.44,50,1
900,112,60,2048,0.0162445878982543,2941.64,50,1
870,112,60,2048,0.0167661237716674,2961.48,50,1
840,112,60,2048,0.0172522211074829,3244.62,50,1
810,112,60,2048,0.0178303813934326,3132.04,50,1
2100,128,60,2048,0.01370774269104,4027.64,25,1
2070,128,60,2048,0.0137366771697998,4187.6,25,1
2040,128,60,2048,0.0137832641601562,3555.4,25,1
2010,128,60,2048,0.0137140464782714,3344.96,25,1
1980,128,60,2048,0.0136836814880371,3122.64,25,1
1950,128,60,2048,0.0136921787261962,4033.84,25,1
1920,128,60,2048,0.0137276077270507,4200.96,25,1
1890,128,60,2048,0.0137619686126708,3752.84,25,1
1860,128,60,2048,0.0138641548156738,3309.6,25,1
1830,128,60,2048,0.0138148784637451,3996.64,25,1
1800,128,60,2048,0.0138174152374267,4046.84,25,1
1770,128,60,2048,0.0137689781188964,3628.24,25,1
1740,128,60,2048,0.0137330055236816,3463.44,25,1
1710,128,60,2048,0.0137277889251708,3253.8,25,1
1680,128,60,2048,0.0136709117889404,3052.64,25,1
1650,128,60,2048,0.0136686325073242,2939.32,25,1
1620,128,60,2048,0.0137862396240234,3806.8,25,1
1590,128,60,2048,0.0139436340332031,3748.2,25,1
1560,128,60,2048,0.0137256813049316,3023.48,25,1
1530,128,60,2048,0.0139301300048828,2758.36,25,1
1500,128,60,2048,0.0136714267730712,2548.04,25,1
1470,128,60,2048,0.0137722778320312,3392.6,25,1
1440,128,60,2048,0.0145949935913085,3122.72,25,1
1410,128,60,2048,0.0143352794647216,2652.12,25,1
1380,128,60,2048,0.0143346786499023,3268.96,25,1
1350,128,60,2048,0.0148826694488525,3057.48,25,1
1320,128,60,2048,0.0147466373443603,2467.6,25,1
1290,128,60,2048,0.0155202198028564,2956.32,25,1
1260,128,60,2048,0.0157605266571044,3098.52,25,1
1230,128,60,2048,0.0153885841369628,2539.92,25,1
1200,128,60,2048,0.0154974651336669,2937.24,25,1
1170,128,60,2048,0.015761432647705,3156.64,25,1
1140,128,60,2048,0.0158885288238525,2750.68,25,1
1110,128,60,2048,0.0159267425537109,2824.8,25,1
1080,128,60,2048,0.016135835647583,2962.6,25,1
1050,128,60,2048,0.0159773349761962,3053.96,25,1
1020,128,60,2048,0.0164063644409179,3175.96,25,1
990,128,60,2048,0.0167732238769531,3452.56,25,1
960,128,60,2048,0.0169657802581787,3182.12,25,1
930,128,60,2048,0.0172712230682373,3415.08,25,1
900,128,60,2048,0.0176556205749511,2994.8,25,1
870,128,60,2048,0.0180718517303466,2821.64,25,1
840,128,60,2048,0.0186599159240722,3384.28,25,1
810,128,60,2048,0.0190976428985595,3483.2,25,1
2100,1,60,40000,0.0112716817855834,3407.08,50,1
2070,1,60,40000,0.0112521028518676,3384.96,50,1
2040,1,60,40000,0.0112378025054931,3352.04,50,1
2010,1,60,40000,0.0112099885940551,3336.52,50,1
1980,1,60,40000,0.0112608766555786,3294.8,50,1
1950,1,60,40000,0.0112330961227416,3280.94,50,1
1920,1,60,40000,0.0112296199798583,3276.36,50,1
1890,1,60,40000,0.0112549400329589,3273.32,50,1
1860,1,60,40000,0.0112461709976196,3219.48,50,1
1830,1,60,40000,0.0112442731857299,3101.24,50,1
1800,1,60,40000,0.011246862411499,2996.46,50,1
1770,1,60,40000,0.0112934064865112,2876.2,50,1
1740,1,60,40000,0.0112968111038208,2762.36,50,1
1710,1,60,40000,0.0113262462615966,2462.58,50,1
1680,1,60,40000,0.0113779211044311,2310.88,50,1
1650,1,60,40000,0.0113925504684448,2648.9,50,1
1620,1,60,40000,0.011435317993164,2576.94,50,1
1590,1,60,40000,0.0114661598205566,2448.8,50,1
1560,1,60,40000,0.0115080022811889,2351.58,50,1
1530,1,60,40000,0.0115496015548706,2086.14,50,1
1500,1,60,40000,0.0115851879119873,2408.88,50,1
1470,1,60,40000,0.0116300630569458,2287.18,50,1
1440,1,60,40000,0.0117075061798095,2178.32,50,1
1410,1,60,40000,0.0117304039001464,2094.82,50,1
1380,1,60,40000,0.0117957401275634,2169.22,50,1
1350,1,60,40000,0.0118412780761718,2040.82,50,1
1320,1,60,40000,0.0118859767913818,2172.22,50,1
1290,1,60,40000,0.0119379663467407,2043.84,50,1
1260,1,60,40000,0.0120332479476928,2177.74,50,1
1230,1,60,40000,0.0120843648910522,2043.48,50,1
1200,1,60,40000,0.012150011062622,2311.08,50,1
1170,1,60,40000,0.0122108697891235,2024.54,50,1
1140,1,60,40000,0.0123389339447021,2115.96,50,1
1110,1,60,40000,0.0122878551483154,1962.58,50,1
1080,1,60,40000,0.0123593950271606,2014.86,50,1
1050,1,60,40000,0.0124136734008789,2117.3,50,1
1020,1,60,40000,0.0124765491485595,1943.78,50,1
990,1,60,40000,0.0125409221649169,1999.38,50,1
960,1,60,40000,0.0126063632965087,2043.08,50,1
930,1,60,40000,0.0126807117462158,2252.76,50,1
900,1,60,40000,0.0127213478088378,2263.68,50,1
870,1,60,40000,0.0129019832611083,1955.4,50,1
840,1,60,40000,0.0129937839508056,1955.46,50,1
810,1,60,40000,0.0131550025939941,1971.48,50,1
2100,16,60,40000,0.0116745328903198,3305.18,50,1
2070,16,60,40000,0.0116182899475097,3217.54,50,1
2040,16,60,40000,0.0116134977340698,2887.44,50,1
2010,16,60,40000,0.0116465806961059,3370.92,50,1
1980,16,60,40000,0.011607322692871,3271.04,50,1
1950,16,60,40000,0.0116427564620971,2990.08,50,1
1920,16,60,40000,0.0116586828231811,3440.62,50,1
1890,16,60,40000,0.011643590927124,3302.8,50,1
1860,16,60,40000,0.0116280364990234,3159.58,50,1
1830,16,60,40000,0.0116196155548095,3257.68,50,1
1800,16,60,40000,0.0116450214385986,2987.14,50,1
1770,16,60,40000,0.0116453695297241,2825.6,50,1
1740,16,60,40000,0.0116962337493896,2933.92,50,1
1710,16,60,40000,0.0117070245742797,2724.78,50,1
1680,16,60,40000,0.0117890882492065,2572.08,50,1
1650,16,60,40000,0.0117364883422851,2665.74,50,1
1620,16,60,40000,0.0118544006347656,2473.36,50,1
1590,16,60,40000,0.0118944358825683,2595.18,50,1
1560,16,60,40000,0.0119748497009277,2393.04,50,1
1530,16,60,40000,0.0120242404937744,2244.66,50,1
1500,16,60,40000,0.0120551109313964,2285.02,50,1
1470,16,60,40000,0.0121137952804565,2366.78,50,1
1440,16,60,40000,0.01213472366333,2156.7,50,1
1410,16,60,40000,0.012198429107666,2236.14,50,1
1380,16,60,40000,0.0122670841217041,2431.36,50,1
1350,16,60,40000,0.0123236417770385,2098.4,50,1
1320,16,60,40000,0.0124040126800537,2172.88,50,1
1290,16,60,40000,0.0125122642517089,2353.72,50,1
1260,16,60,40000,0.0126535701751708,2330.98,50,1
1230,16,60,40000,0.0126563835144042,1996.8,50,1
1200,16,60,40000,0.0127238512039184,2007.86,50,1
1170,16,60,40000,0.0128259801864624,2039.84,50,1
1140,16,60,40000,0.0128767299652099,2057.26,50,1
1110,16,60,40000,0.0129241752624511,2063.54,50,1
1080,16,60,40000,0.0129890727996826,2081.94,50,1
1050,16,60,40000,0.0130860424041748,2070.12,50,1
1020,16,60,40000,0.0131528902053833,2052.08,50,1
990,16,60,40000,0.013276572227478,2015.66,50,1
960,16,60,40000,0.0133713340759277,2303.3,50,1
930,16,60,40000,0.0134949541091918,2235.7,50,1
900,16,60,40000,0.013622407913208,2009.16,50,1
870,16,60,40000,0.0137448596954345,2255.58,50,1
840,16,60,40000,0.013910527229309,2171.32,50,1
810,16,60,40000,0.014061050415039,2252.62,50,1
2100,32,60,40000,0.0122656917572021,3859.48,50,1
2070,32,60,40000,0.0122466897964477,3339.8,50,1
2040,32,60,40000,0.0121837520599365,3538.2,50,1
2010,32,60,40000,0.0122312879562377,3249.34,50,1
1980,32,60,40000,0.0121381521224975,3403.02,50,1
1950,32,60,40000,0.0122329664230346,3830.62,50,1
1920,32,60,40000,0.0122251892089843,3270.12,50,1
1890,32,60,40000,0.0121111583709716,3496.9,50,1
1860,32,60,40000,0.012216739654541,3822.48,50,1
1830,32,60,40000,0.0121888923645019,3346.84,50,1
1800,32,60,40000,0.0122130966186523,3485.78,50,1
1770,32,60,40000,0.012270770072937,3068.7,50,1
1740,32,60,40000,0.0122302865982055,3136.38,50,1
1710,32,60,40000,0.0123047876358032,3381.68,50,1
1680,32,60,40000,0.0123277997970581,2832.82,50,1
1650,32,60,40000,0.0122706985473632,2864.8,50,1
1620,32,60,40000,0.0123127317428588,2859.72,50,1
1590,32,60,40000,0.0123716974258422,2562.5,50,1
1560,32,60,40000,0.0125165367126464,2597.08,50,1
1530,32,60,40000,0.0125633287429809,2641.8,50,1
1500,32,60,40000,0.012579960823059,2802.06,50,1
1470,32,60,40000,0.0126557111740112,2738.7,50,1
1440,32,60,40000,0.0126274871826171,2312.96,50,1
1410,32,60,40000,0.012798113822937,2339.62,50,1
1380,32,60,40000,0.0128657436370849,2320.3,50,1
1350,32,60,40000,0.0129248237609863,2289.58,50,1
1320,32,60,40000,0.0129950141906738,2201.48,50,1
1290,32,60,40000,0.013089575767517,2170.54,50,1
1260,32,60,40000,0.0132071113586425,2499.1,50,1
1230,32,60,40000,0.013255295753479,2443.1,50,1
1200,32,60,40000,0.0133205795288085,2418.0,50,1
1170,32,60,40000,0.0133811426162719,2227.3,50,1
1140,32,60,40000,0.0134764385223388,2520.38,50,1
1110,32,60,40000,0.0134912014007568,2433.02,50,1
1080,32,60,40000,0.0135791444778442,2392.4,50,1
1050,32,60,40000,0.0136303091049194,2517.78,50,1
1020,32,60,40000,0.0137062358856201,2374.76,50,1
990,32,60,40000,0.013782935142517,2524.28,50,1
960,32,60,40000,0.0139074850082397,2395.5,50,1
930,32,60,40000,0.0139939641952514,2513.2,50,1
900,32,60,40000,0.0140633106231689,2358.04,50,1
870,32,60,40000,0.0142146921157836,2456.0,50,1
840,32,60,40000,0.0143589162826538,2658.82,50,1
810,32,60,40000,0.0145038318634033,2303.8,50,1
2100,48,60,40000,0.0137787675857543,3912.26,50,1
2070,48,60,40000,0.0137833356857299,3609.3,50,1
2040,48,60,40000,0.0137642621994018,3920.02,50,1
2010,48,60,40000,0.0137975883483886,4120.06,50,1
1980,48,60,40000,0.0137685203552246,3924.7,50,1
1950,48,60,40000,0.0137753725051879,3590.16,50,1
1920,48,60,40000,0.0137769794464111,3970.3,50,1
1890,48,60,40000,0.0137409687042236,3802.96,50,1
1860,48,60,40000,0.0137370920181274,3891.6,50,1
1830,48,60,40000,0.0137831115722656,3534.04,50,1
1800,48,60,40000,0.0138044691085815,3633.02,50,1
1770,48,60,40000,0.0138490009307861,3329.96,50,1
1740,48,60,40000,0.0139294862747192,3360.86,50,1
1710,48,60,40000,0.0139730072021484,3066.56,50,1
1680,48,60,40000,0.0139394617080688,3112.64,50,1
1650,48,60,40000,0.0141015243530273,2882.12,50,1
1620,48,60,40000,0.0141987705230712,2900.86,50,1
1590,48,60,40000,0.0143056774139404,2913.76,50,1
1560,48,60,40000,0.0143727540969848,3073.16,50,1
1530,48,60,40000,0.0143975400924682,2626.46,50,1
1500,48,60,40000,0.0145205545425415,2640.36,50,1
1470,48,60,40000,0.0145685195922851,2614.36,50,1
1440,48,60,40000,0.0145466184616088,2574.02,50,1
1410,48,60,40000,0.0147807264328002,2593.2,50,1
1380,48,60,40000,0.0148766279220581,2554.4,50,1
1350,48,60,40000,0.0149942874908447,2489.08,50,1
1320,48,60,40000,0.015148959159851,2405.5,50,1
1290,48,60,40000,0.0152940320968627,2674.82,50,1
1260,48,60,40000,0.0154288005828857,2588.86,50,1
1230,48,60,40000,0.0155897378921508,2535.52,50,1
1200,48,60,40000,0.0157579803466796,2616.72,50,1
1170,48,60,40000,0.0159734487533569,2512.62,50,1
1140,48,60,40000,0.0161220026016235,2522.76,50,1
1110,48,60,40000,0.0163081502914428,2601.44,50,1
1080,48,60,40000,0.0164730262756347,2630.18,50,1
1050,48,60,40000,0.0166793394088745,2769.78,50,1
1020,48,60,40000,0.0168897676467895,2767.12,50,1
990,48,60,40000,0.0171339225769042,2603.88,50,1
960,48,60,40000,0.0173975992202758,2511.3,50,1
930,48,60,40000,0.0176460361480712,2749.68,50,1
900,48,60,40000,0.0179693984985351,2963.3,50,1
870,48,60,40000,0.018307728767395,2686.06,50,1
840,48,60,40000,0.0186090326309204,2679.0,50,1
810,48,60,40000,0.0189788484573364,2688.6,50,1
2100,64,60,40000,0.0134267234802246,3844.64,50,1
2070,64,60,40000,0.0134164190292358,3786.28,50,1
2040,64,60,40000,0.0133710622787475,3456.54,50,1
2010,64,60,40000,0.0134664821624755,3932.12,50,1
1980,64,60,40000,0.013489294052124,3787.36,50,1
1950,64,60,40000,0.0134018325805664,3483.16,50,1
1920,64,60,40000,0.0134849500656127,3968.26,50,1
1890,64,60,40000,0.0133749389648437,3858.84,50,1
1860,64,60,40000,0.0134973335266113,3583.32,50,1
1830,64,60,40000,0.0134534931182861,3655.9,50,1
1800,64,60,40000,0.0136043691635131,3419.34,50,1
1770,64,60,40000,0.0136477422714233,3182.5,50,1
1740,64,60,40000,0.01369469165802,3219.68,50,1
1710,64,60,40000,0.0137459516525268,2999.64,50,1
1680,64,60,40000,0.0138020324707031,3030.54,50,1
1650,64,60,40000,0.0137665319442749,2850.88,50,1
1620,64,60,40000,0.0139159202575683,2883.8,50,1
1590,64,60,40000,0.0140003156661987,2682.2,50,1
1560,64,60,40000,0.0139976072311401,2667.46,50,1
1530,64,60,40000,0.0140631437301635,2703.42,50,1
1500,64,60,40000,0.014198989868164,2877.32,50,1
1470,64,60,40000,0.0141787195205688,2491.86,50,1
1440,64,60,40000,0.014363317489624,2541.16,50,1
1410,64,60,40000,0.0144872283935546,2547.22,50,1
1380,64,60,40000,0.0145801973342895,2686.98,50,1
1350,64,60,40000,0.014687271118164,2665.8,50,1
1320,64,60,40000,0.0148187208175659,2626.26,50,1
1290,64,60,40000,0.0149475288391113,2597.32,50,1
1260,64,60,40000,0.0150912570953369,2377.26,50,1
1230,64,60,40000,0.0152616786956787,2322.2,50,1
1200,64,60,40000,0.0153611755371093,2584.84,50,1
1170,64,60,40000,0.0156426382064819,2513.82,50,1
1140,64,60,40000,0.0156845760345459,2602.98,50,1
1110,64,60,40000,0.0157336378097534,2478.04,50,1
1080,64,60,40000,0.0158225774765014,2583.24,50,1
1050,64,60,40000,0.0159510564804077,2474.46,50,1
1020,64,60,40000,0.0160536575317382,2513.52,50,1
990,64,60,40000,0.0161938285827636,2560.9,50,1
960,64,60,40000,0.0163258028030395,2590.66,50,1
930,64,60,40000,0.0165521430969238,2748.48,50,1
900,64,60,40000,0.0167327690124511,2738.3,50,1
870,64,60,40000,0.0169938421249389,2721.04,50,1
840,64,60,40000,0.0172550725936889,2527.08,50,1
810,64,60,40000,0.0176231002807617,2763.26,50,1
2100,80,60,40000,0.0135339164733886,3878.52,50,1
2070,80,60,40000,0.013555736541748,4026.74,50,1
2040,80,60,40000,0.0133500480651855,3904.14,50,1
2010,80,60,40000,0.0135763835906982,3598.98,50,1
1980,80,60,40000,0.0135427474975585,3899.12,50,1
1950,80,60,40000,0.0134782457351684,3610.92,50,1
1920,80,60,40000,0.0134726810455322,4038.22,50,1
1890,80,60,40000,0.0134731435775756,3895.28,50,1
1860,80,60,40000,0.0134213733673095,4034.32,50,1
1830,80,60,40000,0.0134702444076538,3899.02,50,1
1800,80,60,40000,0.0134840869903564,3571.6,50,1
1770,80,60,40000,0.013502779006958,3837.78,50,1
1740,80,60,40000,0.0135170316696167,3576.96,50,1
1710,80,60,40000,0.0135714626312255,3632.86,50,1
1680,80,60,40000,0.0136373233795166,3309.9,50,1
1650,80,60,40000,0.0137002038955688,3437.94,50,1
1620,80,60,40000,0.0137720775604248,3158.24,50,1
1590,80,60,40000,0.013814468383789,3243.34,50,1
1560,80,60,40000,0.0138651943206787,2990.08,50,1
1530,80,60,40000,0.0139898586273193,3004.04,50,1
1500,80,60,40000,0.014041109085083,3066.84,50,1
1470,80,60,40000,0.0141368532180786,2781.74,50,1
1440,80,60,40000,0.0142723131179809,2798.44,50,1
1410,80,60,40000,0.0144469118118286,2808.96,50,1
1380,80,60,40000,0.0146383047103881,2760.02,50,1
1350,80,60,40000,0.0148182010650634,2706.2,50,1
1320,80,60,40000,0.0150819110870361,2636.62,50,1
1290,80,60,40000,0.0152692317962646,2921.26,50,1
1260,80,60,40000,0.0155141925811767,2813.56,50,1
1230,80,60,40000,0.0157419061660766,2908.34,50,1
1200,80,60,40000,0.0159994077682495,2760.4,50,1
1170,80,60,40000,0.0162659788131713,2779.96,50,1
1140,80,60,40000,0.0165038251876831,2822.24,50,1
1110,80,60,40000,0.0167395591735839,2816.1,50,1
1080,80,60,40000,0.0170702314376831,3057.24,50,1
1050,80,60,40000,0.0173049926757812,3007.0,50,1
1020,80,60,40000,0.0177104663848876,2774.44,50,1
990,80,60,40000,0.018071060180664,2941.88,50,1
960,80,60,40000,0.018489670753479,2971.5,50,1
930,80,60,40000,0.0189479637145996,2955.16,50,1
900,80,60,40000,0.0194077730178833,3207.58,50,1
870,80,60,40000,0.0198720693588256,3098.66,50,1
840,80,60,40000,0.0205774593353271,3108.1,50,1
810,80,60,40000,0.0211870431900024,3379.06,50,1
2100,96,60,40000,0.0136569643020629,3862.32,50,1
2070,96,60,40000,0.0136446857452392,3989.8,50,1
2040,96,60,40000,0.0137889671325683,3861.36,50,1
2010,96,60,40000,0.0135932636260986,3975.8,50,1
1980,96,60,40000,0.0136633443832397,3870.8,50,1
1950,96,60,40000,0.0137054252624511,4001.5,50,1
1920,96,60,40000,0.0136832761764526,3857.64,50,1
1890,96,60,40000,0.0136755466461181,4008.86,50,1
1860,96,60,40000,0.0136700248718261,3847.0,50,1
1830,96,60,40000,0.0136580944061279,3992.06,50,1
1800,96,60,40000,0.0136432027816772,3573.8,50,1
1770,96,60,40000,0.0136583375930786,3923.92,50,1
1740,96,60,40000,0.0136456727981567,3584.34,50,1
1710,96,60,40000,0.0136648368835449,3862.72,50,1
1680,96,60,40000,0.0136991882324218,3570.26,50,1
1650,96,60,40000,0.0137700843811035,3588.66,50,1
1620,96,60,40000,0.0138104343414306,3593.36,50,1
1590,96,60,40000,0.013915638923645,3307.94,50,1
1560,96,60,40000,0.0139714241027832,3358.32,50,1
1530,96,60,40000,0.0140863943099975,3072.96,50,1
1500,96,60,40000,0.0141653728485107,3010.48,50,1
1470,96,60,40000,0.0142812967300415,3019.56,50,1
1440,96,60,40000,0.0144216537475585,3015.34,50,1
1410,96,60,40000,0.0144676351547241,3019.74,50,1
1380,96,60,40000,0.0147501802444458,3002.06,50,1
1350,96,60,40000,0.0149665164947509,2905.84,50,1
1320,96,60,40000,0.0151968240737915,2777.76,50,1
1290,96,60,40000,0.0153908634185791,3054.2,50,1
1260,96,60,40000,0.0155947017669677,2909.32,50,1
1230,96,60,40000,0.0158416557312011,2997.46,50,1
1200,96,60,40000,0.0160254144668579,3016.3,50,1
1170,96,60,40000,0.0162832164764404,3058.2,50,1
1140,96,60,40000,0.0164389038085937,3218.1,50,1
1110,96,60,40000,0.0164871168136596,3230.9,50,1
1080,96,60,40000,0.0166319608688354,3229.48,50,1
1050,96,60,40000,0.0167464113235473,3208.28,50,1
1020,96,60,40000,0.016945424079895,3165.48,50,1
990,96,60,40000,0.0171122598648071,2953.56,50,1
960,96,60,40000,0.0174956607818603,3212.38,50,1
930,96,60,40000,0.0176817274093627,3105.18,50,1
900,96,60,40000,0.0181389665603637,3138.88,50,1
870,96,60,40000,0.0185564756393432,3148.46,50,1
840,96,60,40000,0.0190698194503784,3096.02,50,1
810,96,60,40000,0.0195947360992431,3346.74,50,1
2100,112,60,40000,0.0139544439315795,4126.76,50,1
2070,112,60,40000,0.0139728879928588,3919.82,50,1
2040,112,60,40000,0.0139579057693481,3935.52,50,1
2010,112,60,40000,0.0139587020874023,4082.26,50,1
1980,112,60,40000,0.0139381170272827,3898.02,50,1
1950,112,60,40000,0.0139671468734741,3987.52,50,1
1920,112,60,40000,0.0138369607925415,4070.18,50,1
1890,112,60,40000,0.0139226388931274,3890.2,50,1
1860,112,60,40000,0.0139369392395019,3968.3,50,1
1830,112,60,40000,0.0139618396759033,4110.42,50,1
1800,112,60,40000,0.0139712953567504,3850.26,50,1
1770,112,60,40000,0.0139613389968872,3893.3,50,1
1740,112,60,40000,0.0139699029922485,4038.58,50,1
1710,112,60,40000,0.0138015079498291,3733.94,50,1
1680,112,60,40000,0.0138908004760742,3741.04,50,1
1650,112,60,40000,0.0139090538024902,3765.9,50,1
1620,112,60,40000,0.0141066074371337,3847.62,50,1
1590,112,60,40000,0.0140834045410156,3317.7,50,1
1560,112,60,40000,0.0143156147003173,3308.94,50,1
1530,112,60,40000,0.0144336414337158,3279.22,50,1
1500,112,60,40000,0.0145314645767211,3235.5,50,1
1470,112,60,40000,0.0146674156188964,3136.34,50,1
1440,112,60,40000,0.0147776699066162,3015.88,50,1
1410,112,60,40000,0.0149567651748657,2922.84,50,1
1380,112,60,40000,0.0150886535644531,3208.88,50,1
1350,112,60,40000,0.0152620124816894,3108.04,50,1
1320,112,60,40000,0.0156334829330444,3134.04,50,1
1290,112,60,40000,0.0158663892745971,3165.52,50,1
1260,112,60,40000,0.0161097526550292,2948.74,50,1
1230,112,60,40000,0.016405644416809,2952.06,50,1
1200,112,60,40000,0.0164649200439453,2956.74,50,1
1170,112,60,40000,0.0167367553710937,2930.86,50,1
1140,112,60,40000,0.0168646144866943,3256.8,50,1
1110,112,60,40000,0.0169441318511962,3239.58,50,1
1080,112,60,40000,0.0170296955108642,3014.06,50,1
1050,112,60,40000,0.0171933221817016,2947.84,50,1
1020,112,60,40000,0.0173746252059936,3175.94,50,1
990,112,60,40000,0.0175864601135253,3252.46,50,1
960,112,60,40000,0.017950005531311,3132.54,50,1
930,112,60,40000,0.0182215118408203,3160.06,50,1
900,112,60,40000,0.0186211013793945,3193.32,50,1
870,112,60,40000,0.0190332078933715,3457.54,50,1
840,112,60,40000,0.0194803524017334,3387.54,50,1
810,112,60,40000,0.0200676918029785,3466.44,50,1
2100,128,60,40000,0.0151766967773437,3554.92,25,1
2070,128,60,40000,0.0150482845306396,4212.32,25,1
2040,128,60,40000,0.0150984287261962,4402.84,25,1
2010,128,60,40000,0.0150050258636474,4159.2,25,1
1980,128,60,40000,0.0150510501861572,4374.88,25,1
1950,128,60,40000,0.0151146411895751,4124.92,25,1
1920,128,60,40000,0.0151200294494628,4389.12,25,1
1890,128,60,40000,0.0151420974731445,4119.96,25,1
1860,128,60,40000,0.0148413944244384,4351.32,25,1
1830,128,60,40000,0.0150876331329345,4066.64,25,1
1800,128,60,40000,0.0151119136810302,4289.08,25,1
1770,128,60,40000,0.0151176834106445,4032.52,25,1
1740,128,60,40000,0.0151481914520263,4230.04,25,1
1710,128,60,40000,0.0150763225555419,3881.4,25,1
1680,128,60,40000,0.0150652313232421,4144.76,25,1
1650,128,60,40000,0.0151447010040283,3603.08,25,1
1620,128,60,40000,0.0152183532714843,3780.68,25,1
1590,128,60,40000,0.0155391311645507,2935.48,25,1
1560,128,60,40000,0.0153153419494628,3475.0,25,1
1530,128,60,40000,0.0155354309082031,3634.76,25,1
1500,128,60,40000,0.0156551170349121,3233.76,25,1
1470,128,60,40000,0.0163962650299072,3284.92,25,1
1440,128,60,40000,0.015989646911621,3175.2,25,1
1410,128,60,40000,0.0161024093627929,3307.64,25,1
1380,128,60,40000,0.0163404560089111,3384.36,25,1
1350,128,60,40000,0.016587791442871,3624.56,25,1
1320,128,60,40000,0.0167348194122314,3521.92,25,1
1290,128,60,40000,0.0171586036682128,3484.6,25,1
1260,128,60,40000,0.0172119617462158,3519.32,25,1
1230,128,60,40000,0.0175625038146972,3425.88,25,1
1200,128,60,40000,0.0177061653137207,3002.44,25,1
1170,128,60,40000,0.0179619598388671,2821.2,25,1
1140,128,60,40000,0.0177862167358398,3419.12,25,1
1110,128,60,40000,0.0181865501403808,2997.04,25,1
1080,128,60,40000,0.0182023906707763,3503.04,25,1
1050,128,60,40000,0.018481159210205,3394.84,25,1
1020,128,60,40000,0.0185864830017089,2890.68,25,1
990,128,60,40000,0.0189201164245605,3406.64,25,1
960,128,60,40000,0.0191156673431396,2896.36,25,1
930,128,60,40000,0.0195136737823486,3298.24,25,1
900,128,60,40000,0.0199148750305175,3410.8,25,1
870,128,60,40000,0.0202781009674072,3495.04,25,1
840,128,60,40000,0.0207527160644531,3484.36,25,1
810,128,60,40000,0.0214659690856933,3433.4,25,1
2100,192,60,40000,0.0218050479888916,6150.4,25,1
2070,192,60,40000,0.0218920040130615,5875.24,25,1
2040,192,60,40000,0.0214015007019042,5525.24,25,1
2010,192,60,40000,0.0208117008209228,6185.04,25,1
1980,192,60,40000,0.0207842350006103,6320.68,25,1
1950,192,60,40000,0.0207687187194824,6316.6,25,1
1920,192,60,40000,0.0212365436553955,6361.16,25,1
1890,192,60,40000,0.0210755252838134,5881.96,25,1
1860,192,60,40000,0.0210446071624755,5740.72,25,1
1830,192,60,40000,0.0211150360107421,5578.36,25,1
1800,192,60,40000,0.0210213375091552,5323.92,25,1
1770,192,60,40000,0.0211334133148193,6165.24,25,1
1740,192,60,40000,0.0210756015777587,6260.56,25,1
1710,192,60,40000,0.0211404991149902,5899.32,25,1
1680,192,60,40000,0.0213358879089355,5705.16,25,1
1650,192,60,40000,0.0213423347473144,5383.44,25,1
1620,192,60,40000,0.0211559867858886,6106.0,25,1
1590,192,60,40000,0.0211704158782959,6151.32,25,1
1560,192,60,40000,0.0221806812286376,5189.6,25,1
1530,192,60,40000,0.0212042903900146,5459.8,25,1
1500,192,60,40000,0.0221206760406494,5016.96,25,1
1470,192,60,40000,0.0223101234436035,5449.48,25,1
1440,192,60,40000,0.0228303241729736,4803.84,25,1
1410,192,60,40000,0.0228790187835693,5183.28,25,1
1380,192,60,40000,0.0235999679565429,5223.88,25,1
1350,192,60,40000,0.0239624691009521,5148.48,25,1
1320,192,60,40000,0.0243890666961669,5102.28,25,1
1290,192,60,40000,0.0248753929138183,5313.04,25,1
1260,192,60,40000,0.0253933334350585,4664.16,25,1
1230,192,60,40000,0.025934772491455,5165.44,25,1
1200,192,60,40000,0.0264187717437744,4710.68,25,1
1170,192,60,40000,0.0269279098510742,5097.96,25,1
1140,192,60,40000,0.0274674034118652,5176.88,25,1
1110,192,60,40000,0.0280823898315429,5178.56,25,1
1080,192,60,40000,0.028668794631958,5147.76,25,1
1050,192,60,40000,0.029322919845581,5004.16,25,1
1020,192,60,40000,0.0299027156829834,5391.16,25,1
990,192,60,40000,0.0307064914703369,5042.96,25,1
960,192,60,40000,0.031513385772705,5285.28,25,1
930,192,60,40000,0.032270336151123,5181.76,25,1
900,192,60,40000,0.0331463718414306,5792.6,25,1
870,192,60,40000,0.0340475749969482,5311.32,25,1
840,192,60,40000,0.035051155090332,5686.16,25,1
810,192,60,40000,0.0361220836639404,5692.8,25,1
2100,256,60,40000,0.0247133636474609,6446.92,25,1
2070,256,60,40000,0.0235275936126709,6403.8,25,1
2040,256,60,40000,0.023092393875122,6390.0,25,1
2010,256,60,40000,0.0231557464599609,6434.04,25,1
1980,256,60,40000,0.0232042217254638,6481.92,25,1
1950,256,60,40000,0.02314058303833,6477.68,25,1
1920,256,60,40000,0.0230369281768798,6484.4,25,1
1890,256,60,40000,0.0230777168273925,5881.04,25,1
1860,256,60,40000,0.0231800460815429,5957.64,25,1
1830,256,60,40000,0.0230430889129638,6416.2,25,1
1800,256,60,40000,0.0238940048217773,6453.4,25,1
1770,256,60,40000,0.0236250305175781,6432.84,25,1
1740,256,60,40000,0.0230738544464111,6414.32,25,1
1710,256,60,40000,0.0230607032775878,6398.28,25,1
1680,256,60,40000,0.0234303092956542,6328.84,25,1
1650,256,60,40000,0.022886962890625,6133.72,25,1
1620,256,60,40000,0.0237969207763671,5993.16,25,1
1590,256,60,40000,0.0240215969085693,5872.56,25,1
1560,256,60,40000,0.025375747680664,5636.24,25,1
1530,256,60,40000,0.0248217964172363,5569.24,25,1
1500,256,60,40000,0.0248674201965332,5183.8,25,1
1470,256,60,40000,0.0247049140930175,5361.68,25,1
1440,256,60,40000,0.026126365661621,5458.36,25,1
1410,256,60,40000,0.0266606616973876,5379.44,25,1
1380,256,60,40000,0.0270934581756591,5301.8,25,1
1350,256,60,40000,0.0274596977233886,5206.8,25,1
1320,256,60,40000,0.0278771018981933,5046.8,25,1
1290,256,60,40000,0.0282927989959716,5382.44,25,1
1260,256,60,40000,0.0290937423706054,4988.0,25,1
1230,256,60,40000,0.0296953773498535,5324.44,25,1
1200,256,60,40000,0.0304376411437988,5276.96,25,1
1170,256,60,40000,0.0310505104064941,5236.92,25,1
1140,256,60,40000,0.0317572784423828,5243.32,25,1
1110,256,60,40000,0.032358055114746,5612.04,25,1
1080,256,60,40000,0.0328306770324707,5228.0,25,1
1050,256,60,40000,0.0330906867980957,5364.72,25,1
1020,256,60,40000,0.0343167304992675,5578.04,25,1
990,256,60,40000,0.035359239578247,5562.36,25,1
960,256,60,40000,0.0361723899841308,5490.84,25,1
930,256,60,40000,0.0371726989746093,5597.28,25,1
900,256,60,40000,0.0375250625610351,5829.4,25,1
870,256,60,40000,0.0391503810882568,5846.04,25,1
840,256,60,40000,0.039798994064331,5804.76,25,1
810,256,60,40000,0.0415597629547119,6087.0,25,1
2100,320,60,40000,0.0302716922760009,8092.92,25,1
2070,320,60,40000,0.0300599288940429,8103.88,25,1
2040,320,60,40000,0.0297287368774414,8516.04,25,1
2010,320,60,40000,0.0300175857543945,8286.16,25,1
1980,320,60,40000,0.0297491359710693,8270.2,25,1
1950,320,60,40000,0.029430341720581,7858.48,25,1
1920,320,60,40000,0.0297708129882812,8159.84,25,1
1890,320,60,40000,0.0297429752349853,8647.88,25,1
1860,320,60,40000,0.0297179889678955,8490.08,25,1
1830,320,60,40000,0.0297259998321533,7896.32,25,1
1800,320,60,40000,0.0296554851531982,8332.12,25,1
1770,320,60,40000,0.029760046005249,8083.4,25,1
1740,320,60,40000,0.0297065067291259,8177.72,25,1
1710,320,60,40000,0.0297284603118896,8512.6,25,1
1680,320,60,40000,0.029768476486206,8352.4,25,1
1650,320,60,40000,0.0295873546600341,7817.08,25,1
1620,320,60,40000,0.0297318840026855,8014.8,25,1
1590,320,60,40000,0.0299585151672363,8010.72,25,1
1560,320,60,40000,0.0303010749816894,8063.32,25,1
1530,320,60,40000,0.030064058303833,7871.4,25,1
1500,320,60,40000,0.0313201332092285,7553.04,25,1
1470,320,60,40000,0.0318736171722412,7400.32,25,1
1440,320,60,40000,0.0324526977539062,7141.4,25,1
1410,320,60,40000,0.0330793476104736,7166.52,25,1
1380,320,60,40000,0.0337314319610595,7051.48,25,1
1350,320,60,40000,0.0343944549560546,7194.24,25,1
1320,320,60,40000,0.0342541122436523,6731.56,25,1
1290,320,60,40000,0.0350482368469238,6535.76,25,1
1260,320,60,40000,0.0356580066680908,6846.48,25,1
1230,320,60,40000,0.0363905525207519,6676.28,25,1
1200,320,60,40000,0.0377554512023925,7060.64,25,1
1170,320,60,40000,0.0388789176940918,7064.96,25,1
1140,320,60,40000,0.0395224285125732,7084.28,25,1
1110,320,60,40000,0.0396799850463867,7067.28,25,1
1080,320,60,40000,0.0417777252197265,7281.0,25,1
1050,320,60,40000,0.0426699352264404,7271.28,25,1
1020,320,60,40000,0.0429180335998535,6951.52,25,1
990,320,60,40000,0.0444403743743896,7234.12,25,1
960,320,60,40000,0.0459207820892334,7271.44,25,1
930,320,60,40000,0.0467318058013916,7164.36,25,1
900,320,60,40000,0.0481474018096923,7467.12,25,1
870,320,60,40000,0.049383544921875,7470.12,25,1
840,320,60,40000,0.0503659725189209,7396.8,25,1
810,320,60,40000,0.0518638515472412,7801.28,25,1
2100,384,60,40000,0.0312714385986328,8655.88,25,1
2070,384,60,40000,0.0323635578155517,8592.68,25,1
2040,384,60,40000,0.0311371803283691,8687.92,25,1
2010,384,60,40000,0.0314772987365722,8604.56,25,1
1980,384,60,40000,0.0312465763092041,8554.12,25,1
1950,384,60,40000,0.0314061737060546,8728.96,25,1
1920,384,60,40000,0.031453628540039,8561.76,25,1
1890,384,60,40000,0.0312747955322265,8679.76,25,1
1860,384,60,40000,0.0314951038360595,8865.68,25,1
1830,384,60,40000,0.031284008026123,8657.8,25,1
1800,384,60,40000,0.0313568019866943,8647.04,25,1
1770,384,60,40000,0.0313702392578125,8666.48,25,1
1740,384,60,40000,0.0317323589324951,8516.84,25,1
1710,384,60,40000,0.0315022277832031,8658.92,25,1
1680,384,60,40000,0.0313153362274169,8513.28,25,1
1650,384,60,40000,0.0313596439361572,8704.2,25,1
1620,384,60,40000,0.0312455558776855,8528.56,25,1
1590,384,60,40000,0.0312619400024414,8299.16,25,1
1560,384,60,40000,0.031380443572998,8534.2,25,1
1530,384,60,40000,0.0314510917663574,8509.64,25,1
1500,384,60,40000,0.0321759891510009,8197.24,25,1
1470,384,60,40000,0.032068862915039,7962.16,25,1
1440,384,60,40000,0.032310152053833,7616.04,25,1
1410,384,60,40000,0.0328159618377685,7634.24,25,1
1380,384,60,40000,0.0344499969482421,7430.2,25,1
1350,384,60,40000,0.0341812896728515,7602.92,25,1
1320,384,60,40000,0.0354208946228027,7442.16,25,1
1290,384,60,40000,0.0361176872253417,7402.76,25,1
1260,384,60,40000,0.0361774158477783,7262.48,25,1
1230,384,60,40000,0.037714729309082,7267.48,25,1
1200,384,60,40000,0.0387524127960205,7478.96,25,1
1170,384,60,40000,0.0386152076721191,7565.04,25,1
1140,384,60,40000,0.0399994754791259,7482.84,25,1
1110,384,60,40000,0.04057297706604,7751.92,25,1
1080,384,60,40000,0.0418365097045898,7756.0,25,1
1050,384,60,40000,0.0428282260894775,7473.8,25,1
1020,384,60,40000,0.0438519573211669,7703.76,25,1
990,384,60,40000,0.0443370056152343,7710.68,25,1
960,384,60,40000,0.0461474323272705,7650.84,25,1
930,384,60,40000,0.047224702835083,7937.6,25,1
900,384,60,40000,0.0479133033752441,7949.4,25,1
870,384,60,40000,0.0493135070800781,7955.16,25,1
840,384,60,40000,0.0514783096313476,8181.52,25,1
810,384,60,40000,0.0527725791931152,8490.48,25,1
2100,448,60,40000,0.039844913482666,11060.16,25,1
2070,448,60,40000,0.0395707130432128,11093.92,25,1
2040,448,60,40000,0.0391077709197998,10670.6,25,1
2010,448,60,40000,0.03961519241333,11090.56,25,1
1980,448,60,40000,0.0397583198547363,10839.76,25,1
1950,448,60,40000,0.0396608161926269,10884.96,25,1
1920,448,60,40000,0.0393719005584716,11022.8,25,1
1890,448,60,40000,0.0394160747528076,11087.32,25,1
1860,448,60,40000,0.0394807434082031,10853.8,25,1
1830,448,60,40000,0.0395024299621582,10859.16,25,1
1800,448,60,40000,0.0393445777893066,10666.68,25,1
1770,448,60,40000,0.0389087295532226,10911.6,25,1
1740,448,60,40000,0.0397550773620605,10776.96,25,1
1710,448,60,40000,0.0394581604003906,10810.84,25,1
1680,448,60,40000,0.0397406291961669,10674.12,25,1
1650,448,60,40000,0.0392199611663818,10827.8,25,1
1620,448,60,40000,0.0391247844696044,10902.96,25,1
1590,448,60,40000,0.0390926074981689,10817.48,25,1
1560,448,60,40000,0.0396296119689941,10396.0,25,1
1530,448,60,40000,0.040275239944458,10152.0,25,1
1500,448,60,40000,0.0406802368164062,10225.28,25,1
1470,448,60,40000,0.0420767974853515,9676.92,25,1
1440,448,60,40000,0.0425862407684326,9691.92,25,1
1410,448,60,40000,0.0432798862457275,9492.76,25,1
1380,448,60,40000,0.0435285663604736,9325.4,25,1
1350,448,60,40000,0.0445452880859375,9179.96,25,1
1320,448,60,40000,0.04513765335083,8999.2,25,1
1290,448,60,40000,0.0460703086853027,9164.8,25,1
1260,448,60,40000,0.04713059425354,9056.96,25,1
1230,448,60,40000,0.0479036235809326,8994.84,25,1
1200,448,60,40000,0.0496121501922607,9234.0,25,1
1170,448,60,40000,0.0502638339996337,8968.44,25,1
1140,448,60,40000,0.0521206092834472,9591.68,25,1
1110,448,60,40000,0.0529009532928466,9519.48,25,1
1080,448,60,40000,0.0536899662017822,9213.16,25,1
1050,448,60,40000,0.0554923343658447,9425.96,25,1
1020,448,60,40000,0.0567818737030029,9446.08,25,1
990,448,60,40000,0.0577644729614257,9690.96,25,1
960,448,60,40000,0.0597855281829834,9490.88,25,1
930,448,60,40000,0.0607384777069091,9734.0,25,1
900,448,60,40000,0.062667121887207,9694.28,25,1
870,448,60,40000,0.0648950386047363,10258.48,25,1
840,448,60,40000,0.0665446281433105,10303.0,25,1
810,448,60,40000,0.0683185577392578,10338.96,25,1
2100,512,60,40000,0.0408963012695312,10913.96,25,1
2070,512,60,40000,0.0410509204864502,11221.36,25,1
2040,512,60,40000,0.0406236934661865,11033.48,25,1
2010,512,60,40000,0.0406803703308105,10950.44,25,1
1980,512,60,40000,0.0406798458099365,11587.72,25,1
1950,512,60,40000,0.0416471672058105,11120.6,25,1
1920,512,60,40000,0.0415126705169677,11612.24,25,1
1890,512,60,40000,0.0407084083557128,11019.88,25,1
1860,512,60,40000,0.0417689990997314,11252.8,25,1
1830,512,60,40000,0.040975227355957,10952.04,25,1
1800,512,60,40000,0.040731029510498,11545.04,25,1
1770,512,60,40000,0.0407779693603515,11018.0,25,1
1740,512,60,40000,0.0405326080322265,10963.88,25,1
1710,512,60,40000,0.0407124710083007,10928.52,25,1
1680,512,60,40000,0.0410114574432373,11446.24,25,1
1650,512,60,40000,0.0406401062011718,11007.76,25,1
1620,512,60,40000,0.0408771038055419,10937.44,25,1
1590,512,60,40000,0.0408703136444091,10902.96,25,1
1560,512,60,40000,0.0405190086364746,11057.64,25,1
1530,512,60,40000,0.0408093643188476,10417.52,25,1
1500,512,60,40000,0.0416851711273193,10154.64,25,1
1470,512,60,40000,0.0422315979003906,10100.52,25,1
1440,512,60,40000,0.0425146484375,9830.2,25,1
1410,512,60,40000,0.0442455387115478,9725.8,25,1
1380,512,60,40000,0.0450936412811279,9551.24,25,1
1350,512,60,40000,0.0451323127746582,9660.68,25,1
1320,512,60,40000,0.0463510513305664,9208.04,25,1
1290,512,60,40000,0.0477249908447265,9429.56,25,1
1260,512,60,40000,0.0480148410797119,9149.32,25,1
1230,512,60,40000,0.0495857524871826,9171.56,25,1
1200,512,60,40000,0.0503985118865966,9486.0,25,1
1170,512,60,40000,0.051686201095581,9420.6,25,1
1140,512,60,40000,0.05224365234375,9411.24,25,1
1110,512,60,40000,0.0527770614624023,9381.48,25,1
1080,512,60,40000,0.054503755569458,9704.68,25,1
1050,512,60,40000,0.0558381080627441,9604.44,25,1
1020,512,60,40000,0.0569908714294433,9595.68,25,1
990,512,60,40000,0.0586861419677734,9912.12,25,1
960,512,60,40000,0.0609391975402832,10159.68,25,1
930,512,60,40000,0.0622831058502197,9843.32,25,1
900,512,60,40000,0.0634973716735839,10121.44,25,1
870,512,60,40000,0.0652659225463867,10203.76,25,1
840,512,60,40000,0.0673542118072509,10430.8,25,1
810,512,60,40000,0.0693682861328125,10690.8,25,1
